<?xml version="1.0" encoding="UTF-8"?>
<beans xmlns="http://www.springframework.org/schema/beans"
	xmlns:xsi="http://www.w3.org/2001/XMLSchema-instance" xmlns:context="http://www.springframework.org/schema/context"
	xmlns:mvc="http://www.springframework.org/schema/mvc"
	xsi:schemaLocation="http://www.springframework.org/schema/mvc http://www.springframework.org/schema/mvc/spring-mvc-4.3.xsd
		http://www.springframework.org/schema/beans http://www.springframework.org/schema/beans/spring-beans.xsd
		http://www.springframework.org/schema/context http://www.springframework.org/schema/context/spring-context-4.3.xsd">

	<context:component-scan base-package="stackjava.com.springthymeleaf" />

	<bean id="templateResolver"
		class="org.thymeleaf.spring5.templateresolver.SpringResourceTemplateResolver">
		<property name="prefix" value="/WEB-INF/templates/" />
		<property name="suffix" value=".html" />
		<property name="characterEncoding" value="UTF-8" />
		<property name="templateMode" value="HTML5" />
		<property name="cacheable" value="false" />
	</bean>

	<bean id="templateEngine" class="org.thymeleaf.spring5.SpringTemplateEngine">
		<property name="templateResolver" ref="templateResolver" />
	</bean>

	<bean class="org.thymeleaf.spring5.view.ThymeleafViewResolver">
		<property name="templateEngine" ref="templateEngine" />
		<property name="contentType" value="text/html; charset=UTF-8" />
	</bean>

	<bean id="messageSource"
		class="org.springframework.context.support.ResourceBundleMessageSource">
		<property name="basenames">
			<list>
				<value>i18n/messages</value>
			</list>
		</property>
		<property name="defaultEncoding" value="UTF-8" />
	</bean>
<!-- 	<bean id="messageSource"
		class="org.springframework.context.support.ReloadableResourceBundleMessageSource">
		<property name="basename" value="i18n/messages" />
		<property name="defaultEncoding" value="UTF-8" />
	</bean> -->

	<!-- <bean id="localeResolver" class="org.springframework.web.servlet.i18n.SessionLocaleResolver"> -->

	<bean id="localeResolver"
		class="org.springframework.web.servlet.i18n.CookieLocaleResolver">
		<property name="defaultLocale" value="en" />
		<property name="cookieName" value="myAppLocaleCookie"></property>
		<property name="cookieMaxAge" value="3600"></property>
	</bean>

	<mvc:interceptors>
		<bean class="org.springframework.web.servlet.i18n.LocaleChangeInterceptor">
			<property name="paramName" value="language" />
		</bean>
	</mvc:interceptors>

</beans>
